{"cameraMode":{"drawMode":0,"name":"Shaded","section":"Shading Mode"},"sceneLighting":true,"audioPlay":false,"sceneViewState":{"m_AlwaysRefresh":false,"showFog":true,"showSkybox":true,"showFlares":true,"showImageEffects":true,"showParticleSystems":true,"showVisualEffectGraphs":true,"m_FxEnabled":true},"in2DMode":false,"pivot":{"x":-8.088033676147461,"y":1.6286431550979615,"z":-16.566390991210939},"rotation":{"x":-0.030405191704630853,"y":0.9242243766784668,"z":-0.07531434297561646,"w":-0.37311702966690066},"size":12.461819648742676,"orthographic":false}